customer_id,last_name,first_name,middle_name,last_name_yomi,first_name_yomi,middle_name_yomi,gender,birthday,register_date
1,吉田,恵,,よしだ,,めぐみ,Female,1989-07-13,2022-11-05
2,伊藤,仁美,,いとう,,ひとみ,Female,1982-12-21,2022-04-01
3,山本,淳子,,やまもと,,じゅんこ,Female,1992-07-10,2021-05-16
4,石井,かおり,,いしい,,かおり,Female,1994-01-01,2022-10-09
5,浅野,明子,,あさの,,あきこ,Female,1994-11-23,2021-11-22
6,澤田,由美,,さわだ,,ゆみ,Female,1989-08-10,2021-07-23
7,秋山,由紀,,あきやま,,ゆき,Female,1985-07-06,2022-07-18
8,佐伯,直子,,さえき,,なおこ,Female,1977-10-17,2022-04-21
9,片山,早苗,,かたやま,,さなえ,Female,1976-06-26,2022-12-14
10,森田,由希子,,もりた,,ゆきこ,Female,1984-07-09,2021-05-01
11,園田,明子,,そのだ,,あきこ,Female,1982-08-13,2022-12-18
12,小林,朗子,,こばやし,,あきこ,Female,1976-10-15,2021-06-26
13,原,麻希,,はら,,まき,Female,,2021-08-27
14,成田,奈央,,なりた,,なお,Female,1995-04-14,2022-09-10
15,小松,春奈,,こまつ,,はるな,Female,1978-10-03,2022-11-19
16,大久保,理紗,,おおくぼ,,りさ,Female,1992-04-15,2022-03-06
17,武田,萌子,,たけだ,,もえこ,Female,1987-07-09,2022-04-23
18,古川,咲,,ふるかわ,,さき,Female,1983-01-23,2021-05-01
19,甲斐,千絵,,かい,,ちえ,Female,1996-02-08,2022-05-13
20,遠藤,夕貴,,えんどう,,ゆき,Female,1973-09-28,2022-03-09
21,山口,めい,,やまぐち,,めい,Female,1975-01-25,2022-04-02
22,中島,亜子,,なかじま,,あこ,Female,1988-08-26,2021-09-25
23,山岡,葉子,,やまおか,,ようこ,Female,,2021-05-14
24,川本,真由子,,かわもと,,まゆこ,Female,1997-12-15,2021-05-01
25,佐竹,美沙,,さたけ,,みさ,Female,1984-01-31,2022-05-05
26,平松,あすか,,ひらまつ,,あすか,Female,1981-04-15,2021-06-25
27,岩崎,隆子,,いわさき,,たかこ,Female,1983-06-18,2022-06-29
28,坂田,美優,,さかた,,みゆ,Female,1979-01-09,2022-04-24
29,和田,紫穂,,わだ,,しほ,Female,1976-10-22,2021-05-01
30,堀江,小夜子,,ほりえ,,さよこ,Female,1980-01-25,2021-11-12
31,丹羽,有里子,,にわ,,ゆりこ,Female,1975-10-23,2021-10-28
32,土屋,ユカリ,,つちや,,ゆかり,Female,1992-12-05,2021-07-04
33,武本,泰子,,たけもと,,やすこ,Female,1982-07-31,2021-08-13
34,大村,冴子,,おおむら,,さえこ,Female,1994-04-26,2022-09-16
35,伴,亜季,,ばん,,あき,Female,1984-08-30,2021-08-30
36,宮田,早,,みやた,,さき,Female,1991-06-26,2021-11-14
37,筒井,礼奈,,つつい,,れな,Female,,2021-05-18
38,白石,知江,,しらいし,,ちえ,Female,1989-08-30,2021-05-28
39,齋藤,典代,,さいとう,,ふみよ,Female,1973-01-14,2021-05-01
40,細山,梢,,ほそやま,,こずえ,Female,1988-03-14,2022-07-01
41,今泉,香絵,,いまいずみ,,かえ,Female,1984-08-10,2021-05-23
42,桃崎,久美子,,ももざき,,くみこ,Female,1989-11-10,2022-01-08
43,吉澤,槙,,よしざわ,,まき,Female,1989-08-29,2021-05-01
44,國政,知子,,くにまさ,,ともこ,Female,,2021-06-02
45,田辺,利津子,,たなべ,,りつこ,Female,1992-03-08,2022-03-29
46,大串,恵利子,,おおぐし,,えりこ,Female,1993-04-24,2022-01-23
47,小堺,綾美,,こざかい,,あやみ,Female,1989-01-24,2022-06-17
48,高野,聡里,,たかの,,さとり,Female,1974-01-29,2022-08-01
49,明石,万由美,,あかし,,まゆみ,Female,1978-06-27,2021-08-31
50,豊田,磨希,,とよだ,,まき,Female,1993-05-11,2022-06-03
51,小嶋,麻理香,,こじま,,まりか,Female,1988-09-22,2021-05-28
52,程,美也子,,てい,,みやこ,Female,1976-09-18,2022-10-10
53,安井,麻未,,やすい,,あみ,Female,,2022-03-11
54,冨本,智絵,,とみもと,,ちえ,Female,1974-02-18,2021-05-01
55,中田,唯那,,なかだ,,ゆいな,Female,,2021-08-15
56,鏡山,琴音,,かがみやま,,ことね,Female,1985-01-06,2021-05-01
57,早瀬,秋葉,,はやせ,,あきは,Female,1990-08-10,2021-08-16
58,福與,瑛里,,ふくよ,,えり,Female,1976-06-09,2021-05-01
59,都倉,美夏子,,とくら,,みかこ,Female,1979-02-12,2022-09-20
60,栗賀,未知,,くりが,,みち,Female,1990-09-29,2022-02-09
61,中村,太郎,,なかむら,,たろう,Male,1995-08-16,2022-08-15
62,吉田,健,,よしだ,,けん,Male,1978-11-25,2021-05-01
63,山田,雅彦,,やまだ,,まさひこ,Male,1989-02-02,2022-03-14
64,山口,純一,,やまぐち,,じゅんいち,Male,1985-05-15,2022-10-07
65,小林,博史,,こばやし,,ひろし,Male,1984-01-23,2022-04-24
66,岩崎,学,,いわさき,,まなぶ,Male,,2022-03-09
67,山本,雄貴,,やまもと,,ゆうき,Male,1985-10-29,2022-12-20
68,藤井,和弘,,ふじい,,かずひろ,Male,1992-09-06,2022-11-15
69,齊藤,潤,,さいとう,,じゅん,Male,1975-07-04,2022-05-15
70,菊地,翔,,きくち,,しょう,Male,1994-05-19,2022-06-24
71,渡邉,裕,,わたなべ,,ゆたか,Male,1979-07-30,2022-09-22
72,中村,啓輔,,なかむら,,けいすけ,Male,1980-05-28,2021-05-01
73,阿部,正義,,あべ,,まさよし,Male,1985-11-28,2022-10-01
74,岡,正人,,おか,,まさと,Male,1976-08-19,2021-05-01
75,安藤,遼,,あんどう,,りょう,Male,,2021-05-20
76,千葉,篤史,,ちば,,あつし,Male,1997-06-17,2022-02-21
77,木村,大志,,きむら,,たいし,Male,1975-08-21,2021-06-06
78,原口,健一,,はらぐち,,けんいち,Male,1983-04-13,2022-08-26
79,藤井,敬一,,ふじい,,けいいち,Male,1973-12-01,2021-12-28
80,今村,祐一,,いまむら,,ゆういち,Male,1996-01-23,2022-10-01
81,武内,淳一,,たけうち,,じゅんいち,Male,1981-01-27,2022-10-12
82,小林,豊一,,こばやし,,とよかず,Male,1979-04-06,2022-02-28
83,大木,隆之,,おおき,,たかゆき,Male,1991-02-23,2022-02-12
84,佐藤,恭祐,,さとう,,きょうすけ,Male,1994-07-21,2022-08-19
85,河内,誠,,こうち,,まこと,Male,1992-04-18,2021-10-16
86,松田,大輝,,まつだ,,ひろき,Male,1986-07-10,2021-05-01
87,江口,泰弘,,えぐち,,やすひろ,Male,1977-05-26,2021-12-18
88,北村,利夫,,きたむら,,としお,Male,1986-08-17,2021-11-17
89,柴田,隼,,しばた,,じゅん,Male,1987-04-25,2021-09-24
90,中嶋,敏,,なかじま,,さとし,Male,1981-02-11,2022-04-23
91,中嶋,啓,,なかじま,,けい,Male,1982-01-01,2021-05-01
92,杉本,宏文,,すぎもと,,ひろふみ,Male,1996-03-27,2021-05-01
93,木村,泰紀,,きむら,,やすのり,Male,1991-06-20,2022-07-30
94,久保,博久,,くぼ,,ひろひさ,Male,1992-04-13,2022-01-30
95,中嶋,隆一,,なかしま,,りゅういち,Male,1976-03-21,2022-04-11
96,千葉,岳彦,,ちば,,たけひこ,Male,1980-04-24,2021-05-01
97,伊藤,章友,,いとう,,あきとも,Male,1981-10-03,2021-09-08
98,大瀧,実,,おおたき,,みのる,Male,1997-04-07,2022-10-09
99,安田,寿彦,,やすだ,,としひこ,Male,,2022-04-12
100,岡安,啓介,,おかやす,,けいすけ,Male,1973-05-26,2021-12-27
101,伊東,秀太,,いとう,,しゅうた,Male,1984-12-29,2021-06-21
102,松田,英克,,まつだ,,ひでかつ,Male,,2021-10-13
103,笹山,賢治,,ささやま,,けんじ,Male,,2022-07-10
104,野村,武敏,,のむら,,たけとし,Male,1973-10-10,2022-04-13
105,丹羽,勇作,,にわ,,ゆうさく,Male,1997-12-07,2021-08-13
106,白石,英,,しらいし,,すぐる,Male,1988-10-17,2022-05-30
107,須田,重之,,すだ,,しげゆき,Male,1980-12-12,2021-05-01
108,表,栄一,,おもて,,えいいち,Male,1986-01-15,2022-08-07
109,久保,裕成,,くぼ,,ひろなり,Male,1997-06-07,2021-05-01
110,岩崎,慎司,,いわざき,,しんじ,Male,1977-01-12,2021-12-19
111,土橋,勝哉,,どばし,,かつや,Male,1975-03-22,2022-01-26
112,磯崎,誠人,,いそざき,,まさと,Male,1988-02-22,2022-05-15
113,窪園,進,,くぼぞの,,すすむ,Male,,2022-01-15
114,岩土,翔,,いわど,,しょう,Male,1974-07-20,2022-09-06
115,中津留,大志,,なかつる,,たいし,Male,1988-07-18,2022-11-08
116,今堀,裕晃,,いまほり,,ひろあき,Male,1988-07-26,2022-05-25
117,一寸木,琢也,,ちょっき,,たくや,Male,1985-04-17,2021-05-01
118,冨谷,航大,,とみや,,こうだい,Male,1996-03-10,2021-09-06
